{
  "tick_id": 268,
  "last_wallclock": 1777391582.902478,
  "last_rich_learning_ts": 1777391582.902478,
  "last_digest": "7e0e630f739932b7",
  "silence_streak": 0,
  "last_emit_sig": "cb79a146f8e51a33",
  "meta": {
    "route_fallback_streak": 0,
    "last_learning_review_wall": 1777391519.4047155
  }
}