{
  "tick_id": 326,
  "last_wallclock": 1777449176.3492763,
  "last_rich_learning_ts": 1777449176.3492763,
  "last_digest": "fa00c6cc6496c5df",
  "silence_streak": 0,
  "last_emit_sig": "c8c9a073e045d489",
  "meta": {
    "route_fallback_streak": 0,
    "last_learning_review_wall": 1777448927.955535,
    "last_video_clip_tick_wall": 1777449176.3492763,
    "last_attention_check_wall": 1777449176.3492763,
    "last_plan_tick_wall": 1777449176.3492763,
    "last_dual_monologue_wall": 1777448616.9516132,
    "last_dual_curiosity_wall": 1777447837.3449118,
    "last_person_check_wall": 1777449176.3492763,
    "last_finetune_check_wall": 1777437042.143521,
    "last_concept_decay_wall": 1777437042.143521
  }
}