{
  "tick_id": 271,
  "last_wallclock": 1777400178.85591,
  "last_rich_learning_ts": 1777400178.85591,
  "last_digest": "7743c33c798f85be",
  "silence_streak": 0,
  "last_emit_sig": "3f5b9e4d754d4960",
  "meta": {
    "route_fallback_streak": 0,
    "last_learning_review_wall": 1777399965.5755985
  }
}