{
  "tick_id": 226,
  "last_wallclock": 1777342313.7920332,
  "last_rich_learning_ts": 1777342313.7920332,
  "last_digest": "c4844c028d9e2550",
  "silence_streak": 0,
  "last_emit_sig": "323813f4c764f2e4",
  "meta": {
    "route_fallback_streak": 226
  }
}