{
  "tick_id": 239,
  "last_wallclock": 1777352468.733259,
  "last_rich_learning_ts": 1777352468.733259,
  "last_digest": "038bd8a47c7f8189",
  "silence_streak": 0,
  "last_emit_sig": "406a55ad459c0a0b",
  "meta": {
    "route_fallback_streak": 239
  }
}